Index,Delta Curvature: neural,Delta Curvature: control,Distances,"Rates, correlation empirical vs predicted","Variance, correlation empirical vs predicted","Covariance, correlation empirical vs predicted",Dataset,Pixel curvature,sequence type,dither
1,-28.5006314390672,51.4886153730975,0.47,0.96,0.91,0.81,ay2_u003_image_sequences,101.5326,1,1
2,-60.3298025096110,41.6352840223422,0.43,0.97,0.93,0.80,ay2_u003_image_sequences,105.9307,1,1
3,15.0765330121125,27.6902447620595,0.56,0.97,0.92,0.81,ay2_u003_image_sequences,93.3074,1,1
4,-44.3638334876624,55.2894369074661,0.41,0.96,0.92,0.70,ay2_u003_image_sequences,104.9207,1,1
5,31.2578886325522,31.7113497503914,0.54,0.97,0.92,0.82,ay2_u003_image_sequences,104.9132,1,1
6,51.1044363881597,-0.408375497709357,0.74,0.97,0.92,0.81,ay2_u003_image_sequences,84.9883,1,1
7,-10.4922837635660,-18.3717663119141,1.10,0.97,0.92,0.71,ay2_u003_image_sequences,86.3547,1,1
8,-5.01777738407708,17.9946111397910,0.61,0.96,0.91,0.76,ay2_u003_image_sequences,72.2898,1,1
9,33.6073391481221,23.3487773896364,0.42,0.97,0.93,0.82,ay2_u003_image_sequences,63.4753,1,1
10,-57.1644102205399,12.0642128529701,0.66,0.96,0.91,0.76,ay2_u003_image_sequences,107.481,1,1
11,-26.4928100903212,6.54123398355975,0.78,0.97,0.92,0.79,ay2_u003_image_sequences,99.0342,1,1
12,-5.88967042525625,49.2051160817476,0.43,0.89,0.86,0.80,ay2_u003_image_sequences,103.6573,1,1
13,21.4776965626184,76.9826960968122,0.31,0.97,0.93,0.78,ay2_u003_image_sequences,87.4242,1,1
14,-23.3039311346387,12.2393795928817,0.71,0.96,0.92,0.80,ay2_u003_image_sequences,106.6673,1,1
15,-17.3440449145619,46.7884724443848,0.42,0.97,0.93,0.81,ay2_u003_image_sequences,106.6373,1,1
16,32.1161129547221,15.0780486693518,0.46,0.97,0.94,0.83,ay2_u003_image_sequences,83.0395,1,1
17,-24.3157965526204,-17.8688488250407,1.22,0.96,0.90,0.62,ay2_u003_image_sequences,84.9083,1,1
18,-41.6096931648394,-1.84631993990161,0.82,0.96,0.91,0.71,ay2_u003_image_sequences,73.4071,1,1
19,28.3355169422559,25.7221726070791,0.46,0.97,0.92,0.76,ay2_u003_image_sequences,62.1746,1,1
20,-13.8796864676524,-8.31066034052675,1.25,0.96,0.92,0.72,ay2_u003_image_sequences,107.549,1,1
21,6.13100834919200,-23.6049281305667,0.63,0.96,0.93,0.87,ay4_u001_image_sequences,101.5326,1,1
22,25.8715567653836,-18.6441910063614,0.63,0.96,0.94,0.94,ay4_u001_image_sequences,105.9307,1,1
23,-8.62551926867291,-7.75475152882290,0.73,0.96,0.94,0.92,ay4_u001_image_sequences,93.3074,1,1
24,-0.257672623880211,-21.2703933081348,0.84,0.96,0.95,0.93,ay4_u001_image_sequences,104.9207,1,1
25,-1.79550468273674,-22.8533084681660,0.54,0.96,0.94,0.90,ay4_u001_image_sequences,104.9132,1,1
26,17.9318015152681,5.58782134380392,0.29,0.96,0.94,0.91,ay4_u001_image_sequences,84.9883,1,1
27,23.8682993393405,-21.5539385308503,0.96,0.96,0.95,0.95,ay4_u001_image_sequences,86.3547,1,1
28,24.0569868989803,-8.74331662162233,0.64,0.96,0.94,0.88,ay4_u001_image_sequences,72.2898,1,1
29,28.8637402998943,12.1865258451495,0.44,0.96,0.95,0.97,ay4_u001_image_sequences,63.4753,1,1
30,-14.4879476083609,-20.4210981968343,0.64,0.96,0.95,0.93,ay4_u001_image_sequences,107.481,1,1
31,3.53189584533763,-20.4527472710149,0.58,0.76,0.79,0.91,ay4_u001_image_sequences,99.0342,1,1
32,40.3158645696265,-27.5147362406343,0.69,0.94,0.94,0.92,ay4_u001_image_sequences,103.6573,1,1
33,39.4517160498156,-7.10614023008832,0.61,0.92,0.92,0.91,ay4_u001_image_sequences,87.4242,1,1
34,21.5185801352776,-23.0578499721612,0.79,0.97,0.96,0.93,ay4_u001_image_sequences,106.6673,1,1
35,11.8650814656836,-23.2475253588947,0.62,0.96,0.93,0.89,ay4_u001_image_sequences,106.6373,1,1
36,10.2217028331251,-10.8429122339294,0.57,0.97,0.96,0.90,ay4_u001_image_sequences,83.0395,1,1
37,10.7237237798963,-6.70963436991107,0.79,0.95,0.93,0.94,ay4_u001_image_sequences,84.9083,1,1
38,20.9866908676788,-16.4265038517331,0.64,0.94,0.91,0.78,ay4_u001_image_sequences,73.4071,1,1
39,-12.2537197265663,19.0421643613747,0.35,0.95,0.95,0.93,ay4_u001_image_sequences,62.1746,1,1
40,17.3366323335472,-24.7388624656561,1.21,0.97,0.95,0.93,ay4_u001_image_sequences,107.549,1,1
41,-48.3624990976582,-8.92931010538779,1.05,0.93,0.87,0.69,ay4_u006_image_sequences,101.5326,1,1
42,-40.8268058057725,18.3166363753558,0.92,0.95,0.90,0.66,ay4_u006_image_sequences,105.9307,1,1
43,-4.80471617924893,-16.0449483775550,1.76,0.93,0.84,0.56,ay4_u006_image_sequences,93.3074,1,1
44,-8.95017297434357,-9.92812277035491,1.70,0.95,0.90,0.64,ay4_u006_image_sequences,104.9207,1,1
45,-10.0552265318715,52.0983420656432,0.52,0.93,0.88,0.62,ay4_u006_image_sequences,104.9132,1,1
46,-52.3774799939029,-1.24074724192321,0.73,0.94,0.88,0.69,ay4_u006_image_sequences,84.9883,1,1
47,-40.4881249031111,-17.5327442843757,1.29,0.94,0.87,0.59,ay4_u006_image_sequences,86.3547,1,1
48,-29.6289116818634,-16.3794922150431,1.46,0.94,0.84,0.64,ay4_u006_image_sequences,72.2898,1,1
49,-23.8959941072971,29.4578208704459,0.56,0.91,0.81,0.52,ay4_u006_image_sequences,63.4753,1,1
50,-21.0698956164393,-11.9575079416881,1.37,0.94,0.87,0.59,ay4_u006_image_sequences,107.481,1,1
51,-48.6944507577834,-3.47973991836063,1.07,0.91,0.81,0.52,ay4_u006_image_sequences,99.0342,1,1
52,-21.6349906567616,0.950347409578990,0.94,0.90,0.78,0.55,ay4_u006_image_sequences,103.6573,1,1
53,3.31311508441477,-13.3788586024264,1.45,0.92,0.85,0.67,ay4_u006_image_sequences,87.4242,1,1
54,-0.593172358567378,-1.55376632161158,2.24,0.93,0.88,0.63,ay4_u006_image_sequences,106.6673,1,1
55,38.9592986204263,25.1739348991801,0.94,0.93,0.85,0.67,ay4_u006_image_sequences,106.6373,1,1
56,-39.6019171219372,-24.2018788212094,0.94,0.93,0.88,0.67,ay4_u006_image_sequences,83.0395,1,1
57,-10.4295298610456,-9.61793960590212,1.99,0.94,0.87,0.56,ay4_u006_image_sequences,84.9083,1,1
58,-10.8674356932330,-16.4448050246208,1.30,0.93,0.83,0.50,ay4_u006_image_sequences,73.4071,1,1
59,-18.2120773072144,4.33130099745463,0.76,0.92,0.86,0.68,ay4_u006_image_sequences,62.1746,1,1
60,-14.8042489639660,-10.9022820080377,2.11,0.92,0.88,0.67,ay4_u006_image_sequences,107.549,1,1
61,-26.5786696790558,-10.6901573683119,0.89,0.96,0.92,0.73,ay4_u005_image_sequences,101.5326,1,1
62,-31.7417964485645,-0.404669631403343,0.99,0.97,0.93,0.79,ay4_u005_image_sequences,105.9307,1,1
63,-3.20639781502525,-9.06709047145258,1.41,0.97,0.93,0.77,ay4_u005_image_sequences,93.3074,1,1
64,6.27513364703294,-12.2520255973475,1.83,0.95,0.88,0.63,ay4_u005_image_sequences,104.9207,1,1
65,-62.0917315182904,24.6773733781411,0.54,0.95,0.84,0.59,ay4_u005_image_sequences,104.9132,1,1
66,-38.4228291193813,-2.51436845767227,0.60,0.96,0.91,0.79,ay4_u005_image_sequences,84.9883,1,1
67,-9.50276938689619,-17.0998322179497,1.45,0.97,0.92,0.73,ay4_u005_image_sequences,86.3547,1,1
68,-22.9868294623550,-19.1182571520174,1.08,0.96,0.93,0.77,ay4_u005_image_sequences,72.2898,1,1
69,1.11421378719143,8.40527725390053,0.62,0.96,0.89,0.77,ay4_u005_image_sequences,63.4753,1,1
70,-8.51561883968291,-7.43405143630233,1.74,0.94,0.85,0.61,ay4_u005_image_sequences,107.481,1,1
71,-45.8664223660533,-4.31025098715540,0.77,0.96,0.92,0.79,ay4_u005_image_sequences,99.0342,1,1
72,-12.3083733258133,-7.82906867036236,1.01,0.96,0.91,0.80,ay4_u005_image_sequences,103.6573,1,1
73,5.07802768936098,-12.4523164276271,1.48,0.96,0.90,0.67,ay4_u005_image_sequences,87.4242,1,1
74,14.7161105752701,-10.2287859743666,1.69,0.96,0.92,0.79,ay4_u005_image_sequences,106.6673,1,1
75,-20.5448644671865,1.96668690821138,1.10,0.95,0.91,0.79,ay4_u005_image_sequences,106.6373,1,1
76,-16.6890218544191,1.63181055691538,0.73,0.96,0.91,0.80,ay4_u005_image_sequences,83.0395,1,1
77,-6.59142815977441,-13.8192870031679,1.46,0.97,0.91,0.60,ay4_u005_image_sequences,84.9083,1,1
78,23.1608177392878,-18.8945456712706,1.12,0.89,0.85,0.55,ay4_u005_image_sequences,73.4071,1,1
79,-13.2009989782135,12.3430746236398,0.61,0.95,0.92,0.83,ay4_u005_image_sequences,62.1746,1,1
80,-2.75383769072676,-3.81057462261642,2.01,0.96,0.90,0.63,ay4_u005_image_sequences,107.549,1,1
81,-62.0863113403258,8.54677498871643,0.79,0.94,0.92,0.86,ay3_u001_image_sequences,101.5326,1,1
82,-21.1644831064063,49.9083260864194,0.45,0.90,0.89,0.87,ay3_u001_image_sequences,105.9307,1,1
83,-30.4466364630809,9.05482989405590,0.44,0.93,0.92,0.85,ay3_u001_image_sequences,93.3074,1,1
84,4.01205458920154,-7.22014335152189,2.07,0.91,0.91,0.77,ay3_u001_image_sequences,104.9207,1,1
85,-52.3251285389615,47.8254888235484,0.74,0.91,0.91,0.89,ay3_u001_image_sequences,104.9132,1,1
86,-40.8764792677828,31.4076398045588,0.53,0.93,0.93,0.90,ay3_u001_image_sequences,84.9883,1,1
87,-25.7761518073847,-7.81773121194360,1.84,0.92,0.92,0.83,ay3_u001_image_sequences,86.3547,1,1
88,-37.9183646275154,-17.5412172571521,0.97,0.94,0.91,0.83,ay3_u001_image_sequences,72.2898,1,1
89,3.08612056429469,-9.73679840178313,0.87,0.79,0.83,0.90,ay3_u001_image_sequences,63.4753,1,1
90,8.74463973301274,1.88318042226518,2.52,0.94,0.94,0.86,ay3_u001_image_sequences,107.481,1,1
91,-4.98695783288998,1.51035222048294,0.88,0.87,0.84,0.79,ay3_u001_image_sequences,99.0342,1,1
92,48.5735173670603,-3.08898718226528,1.17,0.91,0.89,0.86,ay3_u001_image_sequences,103.6573,1,1
93,-23.6405984666184,-12.5484093949614,1.10,0.94,0.91,0.80,ay3_u001_image_sequences,87.4242,1,1
94,11.7347693533784,-0.618428990776634,2.64,0.92,0.94,0.88,ay3_u001_image_sequences,106.6673,1,1
95,-36.2575376111480,9.20744613521815,0.98,0.93,0.93,0.90,ay3_u001_image_sequences,106.6373,1,1
96,-20.3197009811664,-11.6731388960149,0.81,0.93,0.92,0.88,ay3_u001_image_sequences,83.0395,1,1
97,-10.5415986160025,-2.22752903611914,1.30,0.94,0.92,0.93,ay3_u001_image_sequences,84.9083,1,1
98,39.9015536810851,-7.65341243007924,1.13,0.89,0.89,0.84,ay3_u001_image_sequences,73.4071,1,1
99,-8.38311119732401,-11.3512465337546,0.95,0.87,0.87,0.89,ay3_u001_image_sequences,62.1746,1,1
100,-3.44769499530475,-3.03247400593288,2.26,0.92,0.93,0.88,ay3_u001_image_sequences,107.549,1,1
101,-22.0709125937434,-10.6216758659948,1.52,0.88,0.85,0.61,ay3_u002_image_sequences,101.5326,1,1
102,-16.7034724056552,-8.63872128799234,1.31,0.87,0.87,0.73,ay3_u002_image_sequences,105.9307,1,1
103,-43.7965237138519,-9.97632436805930,1.29,0.94,0.91,0.82,ay3_u002_image_sequences,93.3074,1,1
104,-0.102966966686675,3.06768813339629,2.80,0.88,0.82,0.49,ay3_u002_image_sequences,104.9207,1,1
105,-39.1579264689664,14.8350027229578,1.07,0.89,0.86,0.59,ay3_u002_image_sequences,104.9132,1,1
106,-48.2338034765218,-5.23780683304985,0.90,0.90,0.90,0.74,ay3_u002_image_sequences,84.9883,1,1
107,-31.0264251779738,-11.8020610698590,2.00,0.88,0.87,0.61,ay3_u002_image_sequences,86.3547,1,1
108,-30.9977869316904,-10.4466772885472,1.29,0.91,0.73,0.29,ay3_u002_image_sequences,72.2898,1,1
109,3.10322214053269,14.8014111181723,0.84,0.94,0.92,0.78,ay3_u002_image_sequences,63.4753,1,1
110,-26.3394114215534,0.189270029176346,2.29,0.91,0.90,0.74,ay3_u002_image_sequences,107.481,1,1
111,-9.83764174287516,-12.0388951416741,1.44,0.92,0.87,0.65,ay3_u002_image_sequences,99.0342,1,1
112,23.4533736280047,-8.91076049043442,1.23,0.92,0.91,0.79,ay3_u002_image_sequences,103.6573,1,1
113,-1.89474653519773,-6.84106622686945,1.40,0.94,0.89,0.73,ay3_u002_image_sequences,87.4242,1,1
114,11.8519678431583,1.77911438431415,3.30,0.90,0.87,0.62,ay3_u002_image_sequences,106.6673,1,1
115,-8.89206031912177,-2.79031809176757,1.40,0.87,0.84,0.65,ay3_u002_image_sequences,106.6373,1,1
116,-48.5804111000848,-22.5131898321022,1.40,0.87,0.87,0.73,ay3_u002_image_sequences,83.0395,1,1
117,-12.4408365146019,2.63838474987692,2.17,0.83,0.84,0.72,ay3_u002_image_sequences,84.9083,1,1
118,20.6840916525225,-12.8411240005510,1.50,0.80,0.75,0.55,ay3_u002_image_sequences,73.4071,1,1
119,-20.9588536041634,7.74303471600619,0.65,0.94,0.90,0.84,ay3_u002_image_sequences,62.1746,1,1
120,9.87785637695744,-1.70660973033715,3.10,0.89,0.87,0.67,ay3_u002_image_sequences,107.549,1,1
121,-0.585958775711988,48.4787003100919,0.25,0.92,0.78,0.79,ay2_u007_image_sequences,101.5326,1,1
122,14.3038553649247,10.1991742316277,0.36,0.95,0.89,0.84,ay2_u007_image_sequences,105.9307,1,1
123,79.1082701580868,68.1385926221652,0.15,0.95,0.87,0.86,ay2_u007_image_sequences,93.3074,1,1
124,74.8290132432415,71.8938773686046,0.09,0.92,0.82,0.86,ay2_u007_image_sequences,104.9207,1,1
125,52.3450251549912,69.4156207786591,0.08,0.91,0.74,0.79,ay2_u007_image_sequences,104.9132,1,1
126,60.3705006327599,3.07055434492874,0.43,0.94,0.86,0.78,ay2_u007_image_sequences,84.9883,1,1
127,33.3539505071844,6.73706828596573,0.38,0.92,0.80,0.73,ay2_u007_image_sequences,86.3547,1,1
128,55.1041789259408,45.0113495165734,0.31,0.95,0.86,0.83,ay2_u007_image_sequences,72.2898,1,1
129,68.6369611737070,34.9836099803775,0.20,0.90,0.76,0.70,ay2_u007_image_sequences,63.4753,1,1
130,69.2857747923572,68.8108203752590,0.01,0.87,0.74,0.68,ay2_u007_image_sequences,107.481,1,1
131,4.43160906675157,22.9750129713815,0.46,0.94,0.82,0.80,ay2_u007_image_sequences,99.0342,1,1
132,-46.3919360701258,59.9344483292289,0.25,0.93,0.81,0.84,ay2_u007_image_sequences,103.6573,1,1
133,50.4746025048440,4.93776996221658,0.53,0.94,0.84,0.82,ay2_u007_image_sequences,87.4242,1,1
134,50.5969004396129,69.3521948311973,0.06,0.93,0.85,0.76,ay2_u007_image_sequences,106.6673,1,1
135,35.0767950594264,33.2073042486678,0.45,0.93,0.84,0.80,ay2_u007_image_sequences,106.6373,1,1
136,36.8450300304974,32.4945674372273,0.18,0.93,0.80,0.82,ay2_u007_image_sequences,83.0395,1,1
137,-7.73926948769832,32.7293396102979,0.31,0.95,0.85,0.69,ay2_u007_image_sequences,84.9083,1,1
138,29.4465900808465,16.4479101880864,0.32,0.94,0.86,0.86,ay2_u007_image_sequences,73.4071,1,1
139,116.797675972085,103.331561535319,0.08,0.77,0.71,0.77,ay2_u007_image_sequences,62.1746,1,1
140,51.4039377718869,68.3841196814797,0.06,0.92,0.78,0.76,ay2_u007_image_sequences,107.549,1,1
141,-10.3302984711845,51.0632117309045,0.53,0.76,0.79,0.76,ay5_u002_image_sequences,101.5326,1,1
142,32.9704554718900,-3.90997514415079,1.25,0.63,0.62,0.55,ay5_u002_image_sequences,105.9307,1,1
143,85.9521552488437,83.2330979448485,0.01,0.61,0.61,0.80,ay5_u002_image_sequences,93.3074,1,1
144,10.1008454501394,31.4331678248024,0.80,0.66,0.70,0.62,ay5_u002_image_sequences,104.9207,1,1
145,23.1880823444450,49.3346423850876,0.61,0.81,0.85,0.87,ay5_u002_image_sequences,104.9132,1,1
146,94.8720570410800,82.4165578011306,0.19,0.79,0.79,0.80,ay5_u002_image_sequences,84.9883,1,1
147,93.0074887348608,90.8203701229584,0.02,0.73,0.75,0.77,ay5_u002_image_sequences,86.3547,1,1
148,106.724928523044,104.668330377749,0.02,0.79,0.79,0.85,ay5_u002_image_sequences,72.2898,1,1
149,116.425174338261,55.8011316520763,0.26,0.78,0.82,0.80,ay5_u002_image_sequences,63.4753,1,1
150,-18.0390951682684,38.5515364807448,0.61,0.73,0.76,0.70,ay5_u002_image_sequences,107.481,1,1
151,-16.2707811888445,44.4459558078885,0.47,0.78,0.79,0.81,ay5_u002_image_sequences,99.0342,1,1
152,3.18959397829161,66.7876362752022,0.41,0.56,0.55,0.67,ay5_u002_image_sequences,103.6573,1,1
153,22.4669066162818,40.0748831894240,0.46,0.84,0.85,0.86,ay5_u002_image_sequences,87.4242,1,1
154,48.5870316436389,-5.74816001940047,1.30,0.63,0.64,0.56,ay5_u002_image_sequences,106.6673,1,1
155,-17.6147168035226,66.5178224897058,0.29,0.76,0.82,0.81,ay5_u002_image_sequences,106.6373,1,1
156,96.8864997025419,72.6167576673169,0.27,0.83,0.86,0.87,ay5_u002_image_sequences,83.0395,1,1
157,5.40862819156035,75.3723448692615,0.28,0.78,0.78,0.77,ay5_u002_image_sequences,84.9083,1,1
158,52.1159918846225,-10.5604861701696,0.78,0.81,0.82,0.81,ay5_u002_image_sequences,73.4071,1,1
159,63.5386187343397,26.5456435991547,0.57,0.70,0.74,0.66,ay5_u002_image_sequences,62.1746,1,1
160,-12.2367437095163,54.0466530173515,0.48,0.79,0.81,0.81,ay5_u002_image_sequences,107.549,1,1
161,-7.33422105134281,1.28832240060504,1.08,0.94,0.90,0.85,ay5_u005_image_sequences,101.5326,1,1
162,-16.6115602051173,2.68400606072917,0.95,0.94,0.90,0.85,ay5_u005_image_sequences,105.9307,1,1
163,11.6763324741725,74.8045256169297,0.49,0.85,0.82,0.80,ay5_u005_image_sequences,93.3074,1,1
164,3.47413116680860,1.64491969211960,1.01,0.93,0.89,0.83,ay5_u005_image_sequences,104.9207,1,1
165,43.9001645729643,68.1968359900934,0.24,0.90,0.86,0.83,ay5_u005_image_sequences,104.9132,1,1
166,8.53277274236715,41.2843161737319,0.30,0.89,0.84,0.77,ay5_u005_image_sequences,84.9883,1,1
167,49.3861187495902,-10.7722709243633,1.63,0.93,0.88,0.75,ay5_u005_image_sequences,86.3547,1,1
168,25.7525068859939,16.5045373905129,0.90,0.91,0.89,0.80,ay5_u005_image_sequences,72.2898,1,1
169,31.7721193871606,4.78046692907788,0.62,0.93,0.88,0.75,ay5_u005_image_sequences,63.4753,1,1
170,1.06558218116193,64.3805599961828,0.50,0.93,0.90,0.81,ay5_u005_image_sequences,107.481,1,1
171,8.90025027916027,-7.64464147677821,1.17,0.92,0.89,0.82,ay5_u005_image_sequences,99.0342,1,1
172,-17.7628936972567,3.78346963566428,0.98,0.91,0.88,0.85,ay5_u005_image_sequences,103.6573,1,1
173,34.7750989226528,-2.03965858303935,1.37,0.92,0.90,0.85,ay5_u005_image_sequences,87.4242,1,1
174,12.2579487916457,20.9323263783480,0.68,0.91,0.86,0.82,ay5_u005_image_sequences,106.6673,1,1
175,-23.3446256299377,33.5953423917828,0.70,0.91,0.87,0.81,ay5_u005_image_sequences,106.6373,1,1
176,26.9517353245117,15.5103990365315,0.63,0.91,0.88,0.81,ay5_u005_image_sequences,83.0395,1,1
177,39.8757581166701,-4.43684183812500,1.89,0.94,0.90,0.82,ay5_u005_image_sequences,84.9083,1,1
178,17.9794092014696,-7.23882460163475,0.94,0.94,0.91,0.82,ay5_u005_image_sequences,73.4071,1,1
179,33.7976818420290,6.80026257347544,0.78,0.91,0.87,0.80,ay5_u005_image_sequences,62.1746,1,1
180,-4.08384178148540,52.3777828902277,0.74,0.94,0.89,0.82,ay5_u005_image_sequences,107.549,1,1
1,-1.88075238671766,24.7713220326253,0.7503,0.9748,0.9301,0.7968,ay2_u003_image_sequences,101.5326,1,2
2,-64.5638147179277,11.1745978894434,0.9075,0.9743,0.9427,0.8106,ay2_u003_image_sequences,105.9307,1,2
3,-8.27391769114549,30.1698442038673,0.4953,0.9615,0.9234,0.832,ay2_u003_image_sequences,93.3074,1,2
4,-60.2915278577951,30.1504604546165,0.8604,0.9677,0.929,0.7571,ay2_u003_image_sequences,104.9207,1,2
5,9.42012429803577,42.0674081481861,0.5244,0.9625,0.9156,0.7985,ay2_u003_image_sequences,104.9132,1,2
6,-4.26832031064975,62.4679053203547,0.2101,0.9628,0.9248,0.8406,ay2_u003_image_sequences,84.9883,1,2
7,-19.6282377364805,-5.02174033119139,1.8066,0.9653,0.9161,0.7797,ay2_u003_image_sequences,86.3547,1,2
8,-64.2673128243185,5.07093915250519,0.9641,0.9683,0.9234,0.7659,ay2_u003_image_sequences,72.2898,1,2
9,-17.4353089556328,78.1248960057945,0.3812,0.9654,0.9334,0.8422,ay2_u003_image_sequences,63.4753,1,2
10,-19.9977155224273,1.26788510340945,1.3827,0.9682,0.9219,0.7432,ay2_u003_image_sequences,107.481,1,2
11,-45.6150924681494,23.7470202634799,0.8748,0.9642,0.9121,0.7889,ay2_u003_image_sequences,99.0342,1,2
12,9.13581583976388,37.9094840913760,0.351,0.8611,0.8431,0.8004,ay2_u003_image_sequences,103.6573,1,2
13,-43.1763362157354,50.1139021681167,0.4513,0.9762,0.9348,0.8154,ay2_u003_image_sequences,87.4242,1,2
14,20.2824698847054,5.93708902825082,1.6219,0.9666,0.9355,0.7982,ay2_u003_image_sequences,106.6673,1,2
15,-32.7698276947823,36.2943447503050,0.6362,0.9664,0.9213,0.7863,ay2_u003_image_sequences,106.6373,1,2
16,-42.3963006653536,44.1885509038429,0.4398,0.9668,0.9328,0.8358,ay2_u003_image_sequences,83.0395,1,2
17,-13.2635365707726,-2.30437313354161,2.1452,0.9679,0.8973,0.6046,ay2_u003_image_sequences,84.9083,1,2
18,-26.6931266057363,-18.0648983622294,1.6947,0.975,0.9214,0.6907,ay2_u003_image_sequences,73.4071,1,2
19,-15.3112779825615,-5.91206198634135,0.6587,0.9658,0.9303,0.7474,ay2_u003_image_sequences,62.1746,1,2
20,-6.17853082385401,-2.62360147845497,1.9721,0.968,0.932,0.8016,ay2_u003_image_sequences,107.549,1,2
21,-49.2076491985122,-0.249277840525023,0.5476,0.9134,0.8995,0.9192,ay4_u001_image_sequences,101.5326,1,2
22,-0.628146575651914,10.9914556701963,0.5813,0.9374,0.9193,0.9516,ay4_u001_image_sequences,105.9307,1,2
23,-20.8957864837032,1.07525805864505,1.2492,0.9468,0.9091,0.8762,ay4_u001_image_sequences,93.3074,1,2
24,4.03571069442836,-3.64740865530444,1.0248,0.9557,0.9377,0.8942,ay4_u001_image_sequences,104.9207,1,2
25,-61.1130485516552,-2.05870637506851,0.7334,0.9503,0.9334,0.933,ay4_u001_image_sequences,104.9132,1,2
26,-21.6086886163908,28.9814552539827,0.4476,0.9572,0.9228,0.8947,ay4_u001_image_sequences,84.9883,1,2
27,-3.16158831440772,-2.77777388235654,1.2006,0.9633,0.9556,0.9387,ay4_u001_image_sequences,86.3547,1,2
28,7.62413328378286,-15.1483093901004,1.0454,0.958,0.927,0.8686,ay4_u001_image_sequences,72.2898,1,2
29,-15.5365974295460,-13.3957266353853,0.6689,0.9489,0.9339,0.9589,ay4_u001_image_sequences,63.4753,1,2
30,-7.94482496062707,1.98974900386950,0.9805,0.953,0.9412,0.9606,ay4_u001_image_sequences,107.481,1,2
31,-40.2043824669416,17.3185530633902,0.6424,0.716,0.7344,0.8797,ay4_u001_image_sequences,99.0342,1,2
32,7.33101923114578,3.11584071127848,0.8861,0.9533,0.9317,0.8977,ay4_u001_image_sequences,103.6573,1,2
33,-3.82360297798935,6.19889725216683,0.6718,0.9261,0.9208,0.9001,ay4_u001_image_sequences,87.4242,1,2
34,50.9120191247243,0.0241454948728333,1.1262,0.9573,0.9512,0.9201,ay4_u001_image_sequences,106.6673,1,2
35,-12.7740207721054,8.53668434065515,0.7453,0.9307,0.9242,0.9132,ay4_u001_image_sequences,106.6373,1,2
36,-9.87876150952632,-7.51171798242094,0.6836,0.9506,0.9384,0.8999,ay4_u001_image_sequences,83.0395,1,2
37,13.5263421698428,4.67327171126080,1.3256,0.9618,0.9528,0.9615,ay4_u001_image_sequences,84.9083,1,2
38,5.85411257641453,-3.39039757963395,0.8704,0.9145,0.8891,0.8244,ay4_u001_image_sequences,73.4071,1,2
39,-6.81211328360436,-1.31684231375469,0.6641,0.9526,0.9397,0.9458,ay4_u001_image_sequences,62.1746,1,2
40,11.6261925535215,-8.45810732834999,1.0528,0.9559,0.927,0.9311,ay4_u001_image_sequences,107.549,1,2
41,-24.6401824016825,-0.856499799281354,2.272,0.9597,0.8898,0.7045,ay4_u006_image_sequences,101.5326,1,2
42,9.47577600232556,-3.54186732234390,1.6606,0.948,0.8926,0.6569,ay4_u006_image_sequences,105.9307,1,2
43,-25.0030143841471,-1.30536613248549,2.3033,0.9432,0.9029,0.7672,ay4_u006_image_sequences,93.3074,1,2
44,0.259047291934780,5.53597653933545,2.3469,0.9559,0.9121,0.627,ay4_u006_image_sequences,104.9207,1,2
45,-51.3264737105586,26.7398558947978,0.7835,0.9348,0.8906,0.7255,ay4_u006_image_sequences,104.9132,1,2
46,-63.8120455836540,-6.54684821469542,1.2704,0.9407,0.8766,0.7078,ay4_u006_image_sequences,84.9883,1,2
47,-33.1158525015978,5.26090314625253,2.6502,0.9477,0.9059,0.6228,ay4_u006_image_sequences,86.3547,1,2
48,-10.6586422491494,-1.21660779602064,2.775,0.9533,0.8803,0.6488,ay4_u006_image_sequences,72.2898,1,2
49,-41.9206131273905,49.5768581611663,0.6819,0.8791,0.8245,0.6765,ay4_u006_image_sequences,63.4753,1,2
50,-36.9464412183211,6.61272163950627,1.792,0.9471,0.8744,0.549,ay4_u006_image_sequences,107.481,1,2
51,-38.5374679190485,9.32172965603822,1.9221,0.9298,0.8218,0.4542,ay4_u006_image_sequences,99.0342,1,2
52,1.55263261070736,-6.36833437816475,1.6698,0.8861,0.8446,0.6228,ay4_u006_image_sequences,103.6573,1,2
53,-15.5066800134711,-3.15383671567889,2.0981,0.9219,0.8342,0.665,ay4_u006_image_sequences,87.4242,1,2
54,4.06801123917687,2.77105278481813,2.8927,0.9501,0.8935,0.5936,ay4_u006_image_sequences,106.6673,1,2
55,-19.1152071584146,18.2768999937062,0.9161,0.9397,0.8798,0.7778,ay4_u006_image_sequences,106.6373,1,2
56,-10.2061068724772,-8.16406397264171,1.9568,0.9491,0.8939,0.6345,ay4_u006_image_sequences,83.0395,1,2
57,-3.11388088829261,4.87196872392493,3.5322,0.9554,0.8926,0.5513,ay4_u006_image_sequences,84.9083,1,2
58,3.58510914308151,-4.78998333037776,2.4333,0.942,0.8438,0.4657,ay4_u006_image_sequences,73.4071,1,2
59,-2.93196229568487,-14.8563742919528,1.6101,0.8957,0.8277,0.6869,ay4_u006_image_sequences,62.1746,1,2
60,-18.8457845941922,0.794503100525847,2.8679,0.9438,0.8676,0.6428,ay4_u006_image_sequences,107.549,1,2
61,-61.9228716924100,-6.54559612149239,1.1677,0.9606,0.9281,0.7669,ay4_u005_image_sequences,101.5326,1,2
62,10.1155581667743,-4.54441383232626,1.7578,0.9746,0.9392,0.7892,ay4_u005_image_sequences,105.9307,1,2
63,7.64455032020650,0.131825918862849,1.8476,0.9813,0.9441,0.7924,ay4_u005_image_sequences,93.3074,1,2
64,-15.8262537662408,0.401570129279760,2.36,0.9557,0.8859,0.6193,ay4_u005_image_sequences,104.9207,1,2
65,-73.3293818254257,-8.65716338487165,1.0117,0.9698,0.8779,0.6827,ay4_u005_image_sequences,104.9132,1,2
66,-47.0649586022206,-17.5007048412557,1.0409,0.9593,0.9184,0.8141,ay4_u005_image_sequences,84.9883,1,2
67,-5.20654975161223,-0.347671869573393,2.441,0.9757,0.9308,0.7422,ay4_u005_image_sequences,86.3547,1,2
68,-7.89888083481868,-13.1163677599560,2.2886,0.9774,0.9426,0.803,ay4_u005_image_sequences,72.2898,1,2
69,-17.9162804728067,4.36165954958451,0.9155,0.9508,0.8711,0.7707,ay4_u005_image_sequences,63.4753,1,2
70,6.48247064321888,2.74714406842304,2.5646,0.9656,0.9289,0.8027,ay4_u005_image_sequences,107.481,1,2
71,-10.8351617623636,-15.7983574074319,1.6393,0.9689,0.933,0.7754,ay4_u005_image_sequences,99.0342,1,2
72,-12.6193322734442,-2.48019893403128,1.7341,0.9737,0.929,0.8092,ay4_u005_image_sequences,103.6573,1,2
73,18.2858419795565,-5.31704530387150,2.4056,0.9749,0.9239,0.8191,ay4_u005_image_sequences,87.4242,1,2
74,-25.8523120755745,-0.895781196381360,1.7646,0.9621,0.9261,0.8057,ay4_u005_image_sequences,106.6673,1,2
75,-32.1024863290385,6.67866495735694,1.2886,0.97,0.9378,0.8228,ay4_u005_image_sequences,106.6373,1,2
76,-25.1464121584606,-7.17257485896679,1.1887,0.9681,0.9234,0.8024,ay4_u005_image_sequences,83.0395,1,2
77,-7.24054114023998,3.23575910794442,2.185,0.9727,0.923,0.7409,ay4_u005_image_sequences,84.9083,1,2
78,0.852474557122395,-9.90036467058649,1.8073,0.8477,0.8335,0.6417,ay4_u005_image_sequences,73.4071,1,2
79,-0.438196597624204,-11.5076481261326,1.2041,0.9715,0.941,0.8567,ay4_u005_image_sequences,62.1746,1,2
80,2.59765431666012,0.378134970515033,2.778,0.9701,0.9399,0.8172,ay4_u005_image_sequences,107.549,1,2
81,-14.3520427573817,2.80990842230380,1.6881,0.96,0.939,0.8921,ay3_u001_image_sequences,101.5326,1,2
82,-21.1106224432658,39.5307978653265,0.7525,0.9257,0.9177,0.8927,ay3_u001_image_sequences,105.9307,1,2
83,-44.9695455654674,-11.6143635429457,0.7313,0.9252,0.9188,0.8351,ay3_u001_image_sequences,93.3074,1,2
84,-15.2042056799491,3.75055063651103,2.0501,0.9113,0.911,0.8309,ay3_u001_image_sequences,104.9207,1,2
85,-13.4384450526977,9.23841108598640,1.4871,0.9162,0.9201,0.8845,ay3_u001_image_sequences,104.9132,1,2
86,-46.9318428641911,19.3486262917622,0.9394,0.9176,0.9214,0.9102,ay3_u001_image_sequences,84.9883,1,2
87,0.761374555112155,8.31743317241814,2.8134,0.887,0.9032,0.7746,ay3_u001_image_sequences,86.3547,1,2
88,-21.7120976194440,-12.1612970983960,1.7536,0.9373,0.912,0.8258,ay3_u001_image_sequences,72.2898,1,2
89,20.5786663341990,-9.22326007621994,1.6017,0.8121,0.8448,0.9146,ay3_u001_image_sequences,63.4753,1,2
90,3.23917693446389,1.03537699537177,2.4994,0.9432,0.9326,0.8295,ay3_u001_image_sequences,107.481,1,2
91,-33.4324421421811,-17.0678060718297,1.3399,0.8476,0.8247,0.8121,ay3_u001_image_sequences,99.0342,1,2
92,8.36411331242697,3.23947373854268,1.2979,0.9429,0.9242,0.8706,ay3_u001_image_sequences,103.6573,1,2
93,0.128388016603978,2.68890758808295,1.7453,0.9615,0.9491,0.8613,ay3_u001_image_sequences,87.4242,1,2
94,13.1337894126788,5.71843439954012,3.0576,0.9231,0.9277,0.8472,ay3_u001_image_sequences,106.6673,1,2
95,36.6854583742930,3.53024868607089,1.8267,0.9429,0.9428,0.9336,ay3_u001_image_sequences,106.6373,1,2
96,-30.1419748173702,-15.7226630635838,1.0889,0.9137,0.9113,0.8429,ay3_u001_image_sequences,83.0395,1,2
97,5.21258525772489,8.28475487526459,2.2929,0.9527,0.9305,0.9083,ay3_u001_image_sequences,84.9083,1,2
98,18.9685185342022,-7.13904378541037,1.2542,0.8453,0.8307,0.766,ay3_u001_image_sequences,73.4071,1,2
99,-5.85260011037788,-15.5249814794333,1.7539,0.9662,0.9531,0.9331,ay3_u001_image_sequences,62.1746,1,2
100,12.5984161481245,2.24470231605372,2.312,0.9225,0.9335,0.8679,ay3_u001_image_sequences,107.549,1,2
101,-43.3162037558455,3.63804215648916,2.0865,0.8972,0.8733,0.6352,ay3_u002_image_sequences,101.5326,1,2
102,-12.4017724492926,13.6173177190150,2.3907,0.8992,0.8918,0.7729,ay3_u002_image_sequences,105.9307,1,2
103,-46.1457869826891,5.59579578389411,1.9384,0.9421,0.9276,0.851,ay3_u002_image_sequences,93.3074,1,2
104,2.83138272023706,0.539457959618976,3.7434,0.89,0.8366,0.5359,ay3_u002_image_sequences,104.9207,1,2
105,-53.1382085529549,7.23191649210591,1.7841,0.9199,0.9002,0.6948,ay3_u002_image_sequences,104.9132,1,2
106,-46.3123598379976,-9.32819231245561,1.5526,0.9008,0.9032,0.7741,ay3_u002_image_sequences,84.9883,1,2
107,6.13225681381076,10.7670690556285,2.8879,0.8649,0.8902,0.7451,ay3_u002_image_sequences,86.3547,1,2
108,-20.8618700346908,8.52423076693223,2.4931,0.8912,0.7152,0.2198,ay3_u002_image_sequences,72.2898,1,2
109,-25.4956763361204,-16.4008620361184,1.1623,0.944,0.9266,0.8016,ay3_u002_image_sequences,63.4753,1,2
110,16.6588988114460,-0.397770935832861,3.8354,0.9156,0.9113,0.7548,ay3_u002_image_sequences,107.481,1,2
111,-16.4556822185891,1.52541006763682,2.3345,0.9304,0.8718,0.6096,ay3_u002_image_sequences,99.0342,1,2
112,0.215552989035317,-6.63665077877035,1.8474,0.9336,0.9175,0.7954,ay3_u002_image_sequences,103.6573,1,2
113,-14.2977865840357,-0.304624774596042,1.7628,0.9503,0.9005,0.7748,ay3_u002_image_sequences,87.4242,1,2
114,-0.698186241967588,2.92419383833394,3.4382,0.9005,0.8888,0.6765,ay3_u002_image_sequences,106.6673,1,2
115,-12.8133049714204,3.01327196024354,2.0228,0.8832,0.8599,0.6734,ay3_u002_image_sequences,106.6373,1,2
116,-39.2767238968229,-1.34011278407637,2.6891,0.8995,0.8949,0.7535,ay3_u002_image_sequences,83.0395,1,2
117,15.3959718235670,6.98383347541750,3.9416,0.83,0.8362,0.7399,ay3_u002_image_sequences,84.9083,1,2
118,-0.173722134356425,-12.3716194790676,2.1319,0.7841,0.752,0.4495,ay3_u002_image_sequences,73.4071,1,2
119,-18.5563587324762,-14.7965762956696,1.3487,0.9496,0.923,0.8552,ay3_u002_image_sequences,62.1746,1,2
120,6.79862063162366,1.00280156159172,3.2894,0.8775,0.8617,0.7616,ay3_u002_image_sequences,107.549,1,2
121,-85.2040890449039,35.7449656172404,0.2568,0.9328,0.8161,0.8456,ay2_u007_image_sequences,101.5326,1,2
122,-10.6940912080922,34.9600139842600,0.3684,0.946,0.8792,0.8429,ay2_u007_image_sequences,105.9307,1,2
123,64.8191305116013,27.2689452932998,0.3216,0.9374,0.8286,0.8385,ay2_u007_image_sequences,93.3074,1,2
124,66.4444034091510,46.8432503530989,0.1868,0.9335,0.8415,0.8463,ay2_u007_image_sequences,104.9207,1,2
125,51.3087312081466,53.0511020308574,0.2414,0.9424,0.8007,0.8204,ay2_u007_image_sequences,104.9132,1,2
126,-95.7104443528353,72.2672940307830,0.145,0.9254,0.8503,0.7882,ay2_u007_image_sequences,84.9883,1,2
127,8.42499372404548,40.9628777566229,0.4504,0.9248,0.8325,0.7053,ay2_u007_image_sequences,86.3547,1,2
128,-14.7794506849515,66.3148106988531,0.2233,0.9486,0.8714,0.8371,ay2_u007_image_sequences,72.2898,1,2
129,56.7388314156449,-7.67062161247007,0.339,0.9228,0.8463,0.8355,ay2_u007_image_sequences,63.4753,1,2
130,69.7031781747886,19.8690311567190,0.4359,0.87,0.7467,0.7641,ay2_u007_image_sequences,107.481,1,2
131,-51.0931073745204,22.9116030090676,0.4539,0.9569,0.8956,0.8339,ay2_u007_image_sequences,99.0342,1,2
132,11.9862076313561,24.2024246998107,0.4049,0.9389,0.8442,0.838,ay2_u007_image_sequences,103.6573,1,2
133,60.9835251347955,43.4705219036466,0.2512,0.9377,0.8278,0.8356,ay2_u007_image_sequences,87.4242,1,2
134,60.9659518230189,44.8636240965005,0.2005,0.936,0.8971,0.8452,ay2_u007_image_sequences,106.6673,1,2
135,-18.8741760012664,5.11814999053237,0.4792,0.9341,0.8651,0.83,ay2_u007_image_sequences,106.6373,1,2
136,-93.5733237961029,65.3185164593193,0.1903,0.923,0.7938,0.8359,ay2_u007_image_sequences,83.0395,1,2
137,9.93217296938977,20.0819794316292,0.4586,0.9388,0.7925,0.6653,ay2_u007_image_sequences,84.9083,1,2
138,-27.0561546954784,7.45153843195878,0.4105,0.9368,0.9026,0.8862,ay2_u007_image_sequences,73.4071,1,2
139,86.7402751793554,29.8675429795343,0.2784,0.9324,0.8043,0.789,ay2_u007_image_sequences,62.1746,1,2
140,69.8646331793660,37.5808837044160,0.3304,0.9126,0.7682,0.7588,ay2_u007_image_sequences,107.549,1,2
141,11.7738787312653,4.82325857469593,0.9468,0.8437,0.8638,0.8059,ay5_u002_image_sequences,101.5326,1,2
142,-15.3884275532116,31.9690909370996,0.81,0.6928,0.6784,0.5907,ay5_u002_image_sequences,105.9307,1,2
143,71.8348187123374,61.5025193402880,0.0926,0.6663,0.6578,0.8758,ay5_u002_image_sequences,93.3074,1,2
144,-0.749992132533406,31.3550583222975,0.6056,0.6962,0.7407,0.6938,ay5_u002_image_sequences,104.9207,1,2
145,-20.1618385014403,57.6594862613782,0.1879,0.877,0.8714,0.8654,ay5_u002_image_sequences,104.9132,1,2
146,80.8351743958120,11.1328721211566,0.6766,0.8878,0.8448,0.8473,ay5_u002_image_sequences,84.9883,1,2
147,42.3381316503826,66.5036938044774,0.12,0.8276,0.8158,0.8166,ay5_u002_image_sequences,86.3547,1,2
148,96.5894239338798,94.3677706050688,0.099,0.8126,0.7851,0.8723,ay5_u002_image_sequences,72.2898,1,2
149,27.8642756208523,39.4960537968364,0.5016,0.9258,0.918,0.9129,ay5_u002_image_sequences,63.4753,1,2
150,-16.2482740878128,33.7783310819037,0.686,0.8422,0.8568,0.8005,ay5_u002_image_sequences,107.481,1,2
151,14.5982628094343,-7.35920578312608,1.0375,0.8788,0.8719,0.872,ay5_u002_image_sequences,99.0342,1,2
152,-7.15393430841857,33.5119572806626,0.4957,0.646,0.6268,0.7282,ay5_u002_image_sequences,103.6573,1,2
153,-14.0874595000379,27.9174756265224,0.6622,0.8898,0.8565,0.8818,ay5_u002_image_sequences,87.4242,1,2
154,2.93903637526429,18.7576434925834,1.0728,0.7148,0.732,0.6518,ay5_u002_image_sequences,106.6673,1,2
155,-41.8314196419288,45.9346484347962,0.4506,0.8073,0.8232,0.8295,ay5_u002_image_sequences,106.6373,1,2
156,14.4479471533903,63.7464651712606,0.012,0.8803,0.8934,0.8763,ay5_u002_image_sequences,83.0395,1,2
157,53.7070083399133,19.5952544022319,0.781,0.8943,0.8763,0.8505,ay5_u002_image_sequences,84.9083,1,2
158,32.4300317998254,1.51782144942261,0.8273,0.8555,0.8351,0.8138,ay5_u002_image_sequences,73.4071,1,2
159,6.48998750675931,54.8317673004016,0.4875,0.7796,0.8107,0.7655,ay5_u002_image_sequences,62.1746,1,2
160,-0.749462949919335,6.65051728870678,1.0204,0.8752,0.8614,0.8357,ay5_u002_image_sequences,107.549,1,2
161,27.2525548634476,-3.72376699982692,1.9947,0.9206,0.8889,0.8317,ay5_u005_image_sequences,101.5326,1,2
162,24.5910887717530,-2.25554379173868,1.4842,0.9528,0.9112,0.8342,ay5_u005_image_sequences,105.9307,1,2
163,33.9929506000214,41.2395341694755,0.6701,0.8746,0.8459,0.8059,ay5_u005_image_sequences,93.3074,1,2
164,-10.7942066555906,4.10735878552673,1.1635,0.9588,0.9234,0.851,ay5_u005_image_sequences,104.9207,1,2
165,-47.2135302916821,6.14004426328518,0.6542,0.9138,0.8671,0.8416,ay5_u005_image_sequences,104.9132,1,2
166,59.2757699081334,53.5147073971863,0.4097,0.8768,0.8212,0.7781,ay5_u005_image_sequences,84.9883,1,2
167,12.3139014015195,3.02600651971119,1.4847,0.9383,0.8907,0.7605,ay5_u005_image_sequences,86.3547,1,2
168,26.3572380590682,-3.04328594161851,1.8094,0.9032,0.8893,0.8116,ay5_u005_image_sequences,72.2898,1,2
169,28.3692581174212,-14.8815288171159,0.9885,0.9415,0.8897,0.7639,ay5_u005_image_sequences,63.4753,1,2
170,16.4564069084049,16.5938487203430,1.2499,0.9494,0.9146,0.8457,ay5_u005_image_sequences,107.481,1,2
171,55.0056823038241,-2.02107668753309,2.06,0.9217,0.8968,0.84,ay5_u005_image_sequences,99.0342,1,2
172,8.77186299162708,1.91944863284677,1.8523,0.9033,0.8648,0.8061,ay5_u005_image_sequences,103.6573,1,2
173,46.9135384711783,0.730829957632435,2.0068,0.9516,0.9225,0.8678,ay5_u005_image_sequences,87.4242,1,2
174,-8.10098501253281,12.9373192286237,0.8503,0.9088,0.8671,0.8022,ay5_u005_image_sequences,106.6673,1,2
175,-27.5025933173288,8.80888187331865,0.9636,0.928,0.8869,0.8034,ay5_u005_image_sequences,106.6373,1,2
176,16.9282404993172,27.2750451107239,0.6876,0.8727,0.8772,0.8311,ay5_u005_image_sequences,83.0395,1,2
177,32.1418307721247,2.53502754173694,1.9397,0.927,0.9019,0.8159,ay5_u005_image_sequences,84.9083,1,2
178,30.3896752556575,-13.9975214804000,1.7405,0.9336,0.8937,0.7502,ay5_u005_image_sequences,73.4071,1,2
179,42.1444713160661,-16.5170816953564,1.4033,0.9578,0.9075,0.786,ay5_u005_image_sequences,62.1746,1,2
180,-17.1328871074818,-1.55883481464873,1.3693,0.9465,0.9008,0.7974,ay5_u005_image_sequences,107.549,1,2
1,105.853149723667,55.9127213113713,0.32,0.96,0.92,0.80,ay2_u003_image_sequences,9.8997,2,1
2,41.8434439160538,28.9120219075245,0.45,0.97,0.93,0.83,ay2_u003_image_sequences,11.9034,2,1
3,80.5522254294646,82.0915961998492,0.15,0.95,0.89,0.77,ay2_u003_image_sequences,10.1582,2,1
4,54.5351440755918,30.5095681504107,0.45,0.97,0.92,0.76,ay2_u003_image_sequences,8.9283,2,1
5,169.079313762051,117.207408538973,0.10,0.96,0.91,0.81,ay2_u003_image_sequences,10.7218,2,1
6,165.890740420517,121.712399178019,0.12,0.96,0.91,0.82,ay2_u003_image_sequences,13.9415,2,1
7,40.5864028253543,5.49679959062936,0.72,0.97,0.91,0.69,ay2_u003_image_sequences,9.5152,2,1
8,79.7666027933672,30.7284249385944,0.61,0.97,0.91,0.70,ay2_u003_image_sequences,5.4859,2,1
9,9.11638838353261,68.8877389598262,0.22,0.96,0.93,0.79,ay2_u003_image_sequences,11.4308,2,1
10,62.5822818211311,73.3006182664672,0.28,0.96,0.92,0.81,ay2_u003_image_sequences,9.0729,2,1
11,91.8983134874255,34.4611524690166,0.40,0.96,0.88,0.75,ay2_u003_image_sequences,8.2666,2,1
12,99.0489961090030,55.7553961097102,0.27,0.96,0.89,0.80,ay2_u003_image_sequences,11.0438,2,1
13,77.8617454396203,32.9404220220915,0.26,0.95,0.90,0.78,ay2_u003_image_sequences,27.2679,2,1
14,43.5511180891319,43.2422214683086,0.31,0.97,0.92,0.75,ay2_u003_image_sequences,8.5916,2,1
15,71.3733389247432,34.0514651438075,0.48,0.97,0.93,0.81,ay2_u003_image_sequences,10.193,2,1
16,102.701010022726,49.9230954389643,0.39,0.97,0.93,0.82,ay2_u003_image_sequences,13.6545,2,1
17,27.4612559517720,35.3209625761979,0.50,0.97,0.90,0.75,ay2_u003_image_sequences,11.066,2,1
18,6.20012101951059,28.3874987611060,0.46,0.96,0.88,0.76,ay2_u003_image_sequences,5.1711,2,1
19,54.9787192180445,34.6327526525728,0.37,0.97,0.93,0.76,ay2_u003_image_sequences,11.5399,2,1
20,46.0159067034041,54.0022135740228,0.31,0.97,0.92,0.80,ay2_u003_image_sequences,7.4871,2,1
21,68.1016770670123,20.1714759279798,0.43,0.94,0.92,0.91,ay4_u001_image_sequences,9.8997,2,1
22,85.9365185992876,8.73466397075380,0.35,0.96,0.94,0.96,ay4_u001_image_sequences,11.9034,2,1
23,169.788907255456,12.4927773417029,0.46,0.91,0.91,0.92,ay4_u001_image_sequences,10.1582,2,1
24,42.2326111606729,12.6597020454060,0.34,0.97,0.95,0.94,ay4_u001_image_sequences,8.9283,2,1
25,56.6553995342415,6.98250932996029,0.41,0.95,0.92,0.92,ay4_u001_image_sequences,10.7218,2,1
26,80.5465742215955,30.1957003403740,0.24,0.97,0.95,0.91,ay4_u001_image_sequences,13.9415,2,1
27,36.8226954987117,32.9379215894834,0.24,0.93,0.88,0.88,ay4_u001_image_sequences,9.5152,2,1
28,76.9914314873338,6.23926031762598,0.40,0.96,0.94,0.86,ay4_u001_image_sequences,5.4859,2,1
29,74.7058982691291,3.94227129629387,0.53,0.94,0.93,0.95,ay4_u001_image_sequences,11.4308,2,1
30,117.647513471896,18.9097344060649,0.30,0.96,0.94,0.92,ay4_u001_image_sequences,9.0729,2,1
31,82.8089584011823,7.13228500219271,0.47,0.71,0.76,0.91,ay4_u001_image_sequences,8.2666,2,1
32,74.3670380878487,62.9031437211161,0.16,0.94,0.93,0.95,ay4_u001_image_sequences,11.0438,2,1
33,152.421075635794,61.3411927971314,0.16,0.91,0.90,0.89,ay4_u001_image_sequences,27.2679,2,1
34,79.7942298038792,22.6834471799568,0.30,0.96,0.95,0.96,ay4_u001_image_sequences,8.5916,2,1
35,116.436064640203,5.83701843093975,0.52,0.96,0.94,0.90,ay4_u001_image_sequences,10.193,2,1
36,94.7764566661092,-4.33902141811396,0.57,0.97,0.96,0.91,ay4_u001_image_sequences,13.6545,2,1
37,82.7115447752528,31.4495547208756,0.33,0.88,0.87,0.84,ay4_u001_image_sequences,11.066,2,1
38,86.9464128736057,22.9379734107495,0.23,0.91,0.88,0.90,ay4_u001_image_sequences,5.1711,2,1
39,108.949379853484,2.69980065123288,0.33,0.95,0.92,0.92,ay4_u001_image_sequences,11.5399,2,1
40,66.5017095344805,18.3589721879847,0.41,0.95,0.92,0.91,ay4_u001_image_sequences,7.4871,2,1
41,36.2250483733872,21.2245999178574,0.62,0.93,0.84,0.53,ay4_u006_image_sequences,9.8997,2,1
42,83.3477977303848,32.9363517748181,0.51,0.95,0.87,0.62,ay4_u006_image_sequences,11.9034,2,1
43,84.4635377012955,10.8577258364436,0.54,0.92,0.82,0.63,ay4_u006_image_sequences,10.1582,2,1
44,35.3844244189383,43.6842067870130,0.50,0.95,0.91,0.68,ay4_u006_image_sequences,8.9283,2,1
45,77.7154326140292,38.9734403753551,0.50,0.92,0.84,0.61,ay4_u006_image_sequences,10.7218,2,1
46,40.0262028194302,12.5623210716221,0.75,0.93,0.88,0.71,ay4_u006_image_sequences,13.9415,2,1
47,59.9618970080513,30.6464572711948,0.43,0.91,0.83,0.67,ay4_u006_image_sequences,9.5152,2,1
48,37.3587089946162,28.3831920377945,0.84,0.95,0.85,0.63,ay4_u006_image_sequences,5.4859,2,1
49,26.1666550829352,33.5808561788484,0.40,0.91,0.85,0.67,ay4_u006_image_sequences,11.4308,2,1
50,60.7891092325779,20.6217471148279,0.86,0.93,0.86,0.66,ay4_u006_image_sequences,9.0729,2,1
51,77.1035988605130,16.3113179139743,1.08,0.94,0.88,0.72,ay4_u006_image_sequences,8.2666,2,1
52,22.0033646236655,41.2223444303524,0.41,0.92,0.87,0.62,ay4_u006_image_sequences,11.0438,2,1
53,36.1671192045010,27.9972936642367,0.31,0.92,0.82,0.65,ay4_u006_image_sequences,27.2679,2,1
54,33.3348752700276,39.1981874627758,0.53,0.94,0.92,0.72,ay4_u006_image_sequences,8.5916,2,1
55,66.2953354978088,43.3511310780739,0.45,0.93,0.88,0.77,ay4_u006_image_sequences,10.193,2,1
56,66.4791764987047,29.3066698469609,0.55,0.94,0.87,0.71,ay4_u006_image_sequences,13.6545,2,1
57,49.1323078570223,29.7665556717331,0.41,0.95,0.89,0.75,ay4_u006_image_sequences,11.066,2,1
58,30.2337600694620,24.0960836442073,0.61,0.88,0.81,0.47,ay4_u006_image_sequences,5.1711,2,1
59,63.3889172439074,24.7795285005707,0.61,0.94,0.89,0.72,ay4_u006_image_sequences,11.5399,2,1
60,76.6173839082589,14.5227527850846,0.87,0.91,0.79,0.54,ay4_u006_image_sequences,7.4871,2,1
61,40.9594938826948,34.2789117359898,0.62,0.97,0.91,0.71,ay4_u005_image_sequences,9.8997,2,1
62,88.9136349161252,33.7096368385421,0.35,0.96,0.89,0.73,ay4_u005_image_sequences,11.9034,2,1
63,97.3803477695840,13.2083777115244,0.65,0.95,0.90,0.84,ay4_u005_image_sequences,10.1582,2,1
64,72.4186083493539,41.3833396207499,0.46,0.95,0.86,0.75,ay4_u005_image_sequences,8.9283,2,1
65,75.3431599983655,30.4157893314967,0.47,0.96,0.89,0.69,ay4_u005_image_sequences,10.7218,2,1
66,36.2128552626232,37.6821435376302,0.49,0.96,0.89,0.78,ay4_u005_image_sequences,13.9415,2,1
67,69.8656603567198,16.5056605577396,0.82,0.97,0.89,0.60,ay4_u005_image_sequences,9.5152,2,1
68,76.7755393706328,23.6097187458232,0.93,0.97,0.91,0.74,ay4_u005_image_sequences,5.4859,2,1
69,59.5785721583384,37.2076479033999,0.50,0.96,0.87,0.70,ay4_u005_image_sequences,11.4308,2,1
70,41.9918474043908,50.7985161130829,0.44,0.95,0.78,0.31,ay4_u005_image_sequences,9.0729,2,1
71,18.0441816761705,26.2067655945113,0.62,0.97,0.94,0.78,ay4_u005_image_sequences,8.2666,2,1
72,67.6608379266606,43.8390426727227,0.43,0.96,0.90,0.71,ay4_u005_image_sequences,11.0438,2,1
73,-20.9727206363420,63.2047534775287,0.16,0.95,0.90,0.83,ay4_u005_image_sequences,27.2679,2,1
74,2.42504823000840,40.5672822826253,0.51,0.96,0.86,0.64,ay4_u005_image_sequences,8.5916,2,1
75,20.0729515579415,23.7206331622769,0.50,0.96,0.92,0.80,ay4_u005_image_sequences,10.193,2,1
76,35.9735913620629,39.9574254569020,0.38,0.96,0.90,0.73,ay4_u005_image_sequences,13.6545,2,1
77,71.5861942536234,15.4026967105487,0.88,0.97,0.93,0.78,ay4_u005_image_sequences,11.066,2,1
78,30.2673298588328,45.7165963194095,0.54,0.96,0.91,0.69,ay4_u005_image_sequences,5.1711,2,1
79,27.9032154763118,33.8667523917140,0.59,0.97,0.93,0.86,ay4_u005_image_sequences,11.5399,2,1
80,50.5518147156606,43.2902068151610,0.42,0.95,0.90,0.76,ay4_u005_image_sequences,7.4871,2,1
81,55.0587236170766,32.3929036058384,0.52,0.83,0.82,0.80,ay3_u001_image_sequences,9.8997,2,1
82,7.06476426008303,72.5540915548841,0.26,0.91,0.90,0.88,ay3_u001_image_sequences,11.9034,2,1
83,98.8199117272052,41.3337922035022,0.83,0.94,0.93,0.92,ay3_u001_image_sequences,10.1582,2,1
84,52.8063108600868,84.8152382944875,0.30,0.93,0.93,0.89,ay3_u001_image_sequences,8.9283,2,1
85,41.5155330539329,28.6220358492955,0.70,0.94,0.93,0.87,ay3_u001_image_sequences,10.7218,2,1
86,103.134536122756,36.4838839177615,0.73,0.92,0.92,0.90,ay3_u001_image_sequences,13.9415,2,1
87,20.3600452684485,23.2945844167935,0.87,0.93,0.92,0.90,ay3_u001_image_sequences,9.5152,2,1
88,24.6487022392364,31.0656167353127,0.72,0.94,0.91,0.84,ay3_u001_image_sequences,5.4859,2,1
89,84.2159233900335,17.7527580831520,0.71,0.80,0.82,0.86,ay3_u001_image_sequences,11.4308,2,1
90,36.0204600669945,42.8205298811538,0.42,0.95,0.94,0.87,ay3_u001_image_sequences,9.0729,2,1
91,104.252579454303,17.5918912393298,0.56,0.93,0.87,0.75,ay3_u001_image_sequences,8.2666,2,1
92,140.586456896517,21.5299478741084,0.94,0.92,0.88,0.83,ay3_u001_image_sequences,11.0438,2,1
93,2.18465950773848,1.92719644412701,0.57,0.96,0.94,0.86,ay3_u001_image_sequences,27.2679,2,1
94,86.8754466605437,31.0272850354957,0.49,0.93,0.94,0.87,ay3_u001_image_sequences,8.5916,2,1
95,108.810929250854,44.1933825228598,0.63,0.94,0.94,0.91,ay3_u001_image_sequences,10.193,2,1
96,-4.55339134775770,43.9013388289812,0.43,0.94,0.93,0.92,ay3_u001_image_sequences,13.6545,2,1
97,80.7062384386936,16.0783598538446,0.97,0.84,0.84,0.88,ay3_u001_image_sequences,11.066,2,1
98,50.8969150934813,22.0476715857664,0.65,0.90,0.86,0.76,ay3_u001_image_sequences,5.1711,2,1
99,38.5743999648234,7.03212547403696,0.64,0.94,0.93,0.87,ay3_u001_image_sequences,11.5399,2,1
100,42.6725065161599,50.6539658791716,0.53,0.95,0.93,0.92,ay3_u001_image_sequences,7.4871,2,1
101,20.3970144682356,30.2743209400459,0.87,0.89,0.87,0.68,ay3_u002_image_sequences,9.8997,2,1
102,119.201177374379,10.8048283503624,0.63,0.88,0.87,0.73,ay3_u002_image_sequences,11.9034,2,1
103,86.3497033233657,14.2219046207365,0.54,0.93,0.89,0.78,ay3_u002_image_sequences,10.1582,2,1
104,36.9201469067842,13.8398531270695,0.96,0.90,0.87,0.62,ay3_u002_image_sequences,8.9283,2,1
105,39.3945480234467,30.4163953519573,0.62,0.91,0.90,0.74,ay3_u002_image_sequences,10.7218,2,1
106,89.5141153030178,-3.63223328512650,1.10,0.93,0.92,0.82,ay3_u002_image_sequences,13.9415,2,1
107,21.3708445301310,24.7340193649007,0.60,0.96,0.94,0.86,ay3_u002_image_sequences,9.5152,2,1
108,41.9109042295479,12.5257440910040,0.71,0.92,0.82,0.49,ay3_u002_image_sequences,5.4859,2,1
109,23.7204936756113,26.7309616331001,0.48,0.93,0.90,0.79,ay3_u002_image_sequences,11.4308,2,1
110,89.0463543208203,27.1107288085079,0.82,0.94,0.94,0.84,ay3_u002_image_sequences,9.0729,2,1
111,61.8711446218847,11.5723028487774,1.00,0.89,0.82,0.44,ay3_u002_image_sequences,8.2666,2,1
112,99.4135248096210,9.07193782927349,0.65,0.89,0.85,0.70,ay3_u002_image_sequences,11.0438,2,1
113,58.9191538089475,-3.48460151107529,0.29,0.80,0.79,0.67,ay3_u002_image_sequences,27.2679,2,1
114,72.3806825530533,39.5024610323337,0.76,0.90,0.89,0.68,ay3_u002_image_sequences,8.5916,2,1
115,37.2622075492712,40.8888696515603,0.53,0.92,0.91,0.78,ay3_u002_image_sequences,10.193,2,1
116,3.26512001189332,20.4325858776666,0.60,0.85,0.85,0.79,ay3_u002_image_sequences,13.6545,2,1
117,49.7503418302924,64.2776600709842,0.51,0.81,0.83,0.82,ay3_u002_image_sequences,11.066,2,1
118,70.0510786445366,13.7470145894929,0.89,0.81,0.78,0.50,ay3_u002_image_sequences,5.1711,2,1
119,41.1563971460308,17.2442331454950,0.77,0.93,0.88,0.63,ay3_u002_image_sequences,11.5399,2,1
120,66.3362988826651,1.89515011363999,0.80,0.94,0.90,0.75,ay3_u002_image_sequences,7.4871,2,1
121,96.0865851866452,47.7001735406993,0.33,0.94,0.83,0.80,ay2_u007_image_sequences,9.8997,2,1
122,163.353932551360,73.6010672089825,0.11,0.94,0.70,0.46,ay2_u007_image_sequences,11.9034,2,1
123,169.347594630793,163.073882890735,0.02,0.94,0.83,0.81,ay2_u007_image_sequences,10.1582,2,1
124,170.626290190828,78.0146434416081,0.16,0.73,0.60,0.82,ay2_u007_image_sequences,8.9283,2,1
125,147.467093113927,96.1395510289485,0.20,0.96,0.86,0.83,ay2_u007_image_sequences,10.7218,2,1
126,120.133804867272,-1.74337238221325,0.36,0.91,0.85,0.79,ay2_u007_image_sequences,13.9415,2,1
127,170.141061787716,66.5720435941133,0.08,0.94,0.83,0.82,ay2_u007_image_sequences,9.5152,2,1
128,159.782748412775,48.9610716821970,0.29,0.92,0.81,0.79,ay2_u007_image_sequences,5.4859,2,1
129,142.347201414314,50.8982675065349,0.22,0.93,0.84,0.78,ay2_u007_image_sequences,11.4308,2,1
130,170.792526644641,56.7293550762940,0.25,0.93,0.86,0.83,ay2_u007_image_sequences,9.0729,2,1
131,47.0835981830837,56.2310106232600,0.20,0.93,0.84,0.78,ay2_u007_image_sequences,8.2666,2,1
132,168.728745115102,156.682697816974,0.07,0.91,0.79,0.83,ay2_u007_image_sequences,11.0438,2,1
133,146.074304665896,60.1198840837262,0.22,0.94,0.86,0.86,ay2_u007_image_sequences,27.2679,2,1
134,160.924640513525,164.923467338884,0.01,0.94,0.87,0.87,ay2_u007_image_sequences,8.5916,2,1
135,169.572583091252,89.7271810031313,0.10,0.92,0.82,0.79,ay2_u007_image_sequences,10.193,2,1
136,166.101683191725,64.2621196502458,0.12,0.69,0.60,0.79,ay2_u007_image_sequences,13.6545,2,1
137,54.3077426680975,32.6896094416830,0.21,0.95,0.85,0.86,ay2_u007_image_sequences,11.066,2,1
138,105.296267170044,49.1663263910483,0.36,0.93,0.84,0.85,ay2_u007_image_sequences,5.1711,2,1
139,81.6032935467673,82.7757967731025,0.14,0.95,0.81,0.67,ay2_u007_image_sequences,11.5399,2,1
140,123.843723094429,52.3255137053880,0.25,0.92,0.79,0.77,ay2_u007_image_sequences,7.4871,2,1
141,142.564828686022,54.5307053947925,0.48,0.77,0.77,0.81,ay5_u002_image_sequences,9.8997,2,1
142,90.5541221296116,33.2139894096250,0.41,0.66,0.68,0.57,ay5_u002_image_sequences,11.9034,2,1
143,169.769619431293,56.6223613151095,0.30,0.65,0.65,0.83,ay5_u002_image_sequences,10.1582,2,1
144,170.438084524717,167.678609720419,0.04,0.75,0.78,0.75,ay5_u002_image_sequences,8.9283,2,1
145,168.772984063046,163.605105534694,0.03,0.76,0.81,0.83,ay5_u002_image_sequences,10.7218,2,1
146,165.831978027331,164.586406996903,0.06,0.68,0.70,0.83,ay5_u002_image_sequences,13.9415,2,1
147,169.787091145955,166.931628501185,0.02,0.68,0.68,0.81,ay5_u002_image_sequences,9.5152,2,1
148,121.269057634027,70.2039721971412,0.37,0.67,0.67,0.87,ay5_u002_image_sequences,5.4859,2,1
149,160.304163562060,150.064434509783,0.06,0.81,0.85,0.86,ay5_u002_image_sequences,11.4308,2,1
150,148.091211912985,26.3862523793641,0.95,0.84,0.86,0.86,ay5_u002_image_sequences,9.0729,2,1
151,-3.41494191929866,60.8496087730043,0.21,0.74,0.77,0.79,ay5_u002_image_sequences,8.2666,2,1
152,168.850844124626,90.8602435884843,0.21,0.59,0.57,0.64,ay5_u002_image_sequences,11.0438,2,1
153,152.632169487004,87.7900509439539,0.25,0.63,0.63,0.81,ay5_u002_image_sequences,27.2679,2,1
154,46.6344618779634,128.077436317032,0.20,0.60,0.67,0.59,ay5_u002_image_sequences,8.5916,2,1
155,54.5965605390683,95.6427179725035,0.11,0.77,0.81,0.84,ay5_u002_image_sequences,10.193,2,1
156,166.298135396623,24.0954781974628,0.57,0.81,0.85,0.87,ay5_u002_image_sequences,13.6545,2,1
157,168.865149210324,53.5439212387508,0.29,0.65,0.66,0.83,ay5_u002_image_sequences,11.066,2,1
158,116.621892582035,48.1950513809387,0.44,0.85,0.81,0.82,ay5_u002_image_sequences,5.1711,2,1
159,168.412665431885,15.3368836954272,0.42,0.71,0.79,0.79,ay5_u002_image_sequences,11.5399,2,1
160,22.4375231238610,117.841389827744,0.12,0.80,0.82,0.82,ay5_u002_image_sequences,7.4871,2,1
161,106.186218791812,37.2519793324563,1.14,0.90,0.88,0.84,ay5_u005_image_sequences,9.8997,2,1
162,147.682345441117,5.04372636509495,1.02,0.90,0.87,0.83,ay5_u005_image_sequences,11.9034,2,1
163,99.7234156521653,21.5409061855674,0.38,0.89,0.85,0.79,ay5_u005_image_sequences,10.1582,2,1
164,144.124155171169,41.8221929162996,0.52,0.93,0.89,0.80,ay5_u005_image_sequences,8.9283,2,1
165,116.924795459223,21.8165366486173,0.73,0.93,0.90,0.81,ay5_u005_image_sequences,10.7218,2,1
166,165.274922834855,45.4389892894581,0.50,0.93,0.88,0.83,ay5_u005_image_sequences,13.9415,2,1
167,113.155444649368,47.2781598431232,0.58,0.95,0.92,0.87,ay5_u005_image_sequences,9.5152,2,1
168,100.234107940534,32.2800588029227,0.57,0.91,0.88,0.81,ay5_u005_image_sequences,5.4859,2,1
169,167.540518272305,18.8687821034958,0.66,0.92,0.88,0.80,ay5_u005_image_sequences,11.4308,2,1
170,80.6558040644298,2.14192423612980,1.79,0.90,0.87,0.77,ay5_u005_image_sequences,9.0729,2,1
171,113.681652902453,15.3121972494185,1.43,0.93,0.89,0.85,ay5_u005_image_sequences,8.2666,2,1
172,94.5606570665078,5.84589703587847,0.94,0.92,0.88,0.78,ay5_u005_image_sequences,11.0438,2,1
173,149.060201511169,8.34795179903055,0.71,0.95,0.92,0.85,ay5_u005_image_sequences,27.2679,2,1
174,110.377329674022,12.0581593358648,1.00,0.94,0.89,0.82,ay5_u005_image_sequences,8.5916,2,1
175,96.4286402032888,12.8474226802157,1.19,0.95,0.92,0.84,ay5_u005_image_sequences,10.193,2,1
176,98.0521002452828,6.31009861212227,1.07,0.94,0.91,0.83,ay5_u005_image_sequences,13.6545,2,1
177,79.6274742270762,6.11105771028217,0.64,0.91,0.90,0.85,ay5_u005_image_sequences,11.066,2,1
178,119.265544124269,18.6812491875414,0.65,0.93,0.90,0.86,ay5_u005_image_sequences,5.1711,2,1
179,91.2543425749777,8.82562302233853,1.64,0.94,0.89,0.76,ay5_u005_image_sequences,11.5399,2,1
180,84.6195812619392,18.3302220124188,1.11,0.93,0.89,0.83,ay5_u005_image_sequences,7.4871,2,1
1,106.727977640196,12.4816264616817,0.59,0.9603,0.919,0.8066,ay2_u003_image_sequences,5.4609,2,2
2,56.4356150299395,20.5515387124032,1.0376,0.9631,0.9267,0.8415,ay2_u003_image_sequences,6.1259,2,2
3,59.8763504267662,88.1199286034487,0.2363,0.9671,0.9189,0.796,ay2_u003_image_sequences,5.233,2,2
4,38.3892068909004,27.4073381034229,0.7728,0.9618,0.9219,0.7383,ay2_u003_image_sequences,4.5435,2,2
5,158.975249853813,155.672988892255,0.0161,0.9643,0.9178,0.8129,ay2_u003_image_sequences,5.4983,2,2
6,167.957172347185,114.320653745880,0.1595,0.9621,0.9238,0.8245,ay2_u003_image_sequences,7.1689,2,2
7,25.4065067424631,0.970126810855710,1.2778,0.9316,0.872,0.7111,ay2_u003_image_sequences,4.837,2,2
8,20.2043554248213,20.0596823790116,0.7906,0.9651,0.8981,0.7009,ay2_u003_image_sequences,2.794,2,2
9,59.5569524725719,92.1311107114262,0.3714,0.9619,0.9325,0.8175,ay2_u003_image_sequences,5.8562,2,2
10,35.5741654540166,26.7768731186430,0.4856,0.9651,0.9199,0.8297,ay2_u003_image_sequences,4.6352,2,2
11,78.9227106421829,65.7239236080751,0.4124,0.9578,0.8881,0.772,ay2_u003_image_sequences,4.3592,2,2
12,150.610631160544,142.164967105497,0.0512,0.9674,0.9157,0.8082,ay2_u003_image_sequences,5.8248,2,2
13,9.64634851697770,41.1522082067250,0.3572,0.9653,0.9167,0.7839,ay2_u003_image_sequences,14.1104,2,2
14,5.55538147410424,39.0383800702143,0.4735,0.9689,0.937,0.8192,ay2_u003_image_sequences,4.363,2,2
15,61.2307860147376,61.5410240392470,0.6277,0.972,0.9284,0.8097,ay2_u003_image_sequences,5.2005,2,2
16,39.9183893300278,86.0808751662058,0.2658,0.9742,0.9461,0.8256,ay2_u003_image_sequences,7.0535,2,2
17,23.6247590352547,13.0527237602457,0.8494,0.9645,0.8999,0.7277,ay2_u003_image_sequences,5.5873,2,2
18,34.7023295752225,12.2546446409342,1.0139,0.9692,0.8918,0.779,ay2_u003_image_sequences,2.6625,2,2
19,33.6497239617691,20.3013685838012,0.6195,0.9684,0.9321,0.7683,ay2_u003_image_sequences,5.8936,2,2
20,-2.45781397502457,39.0907349518398,0.4085,0.9683,0.9284,0.8112,ay2_u003_image_sequences,3.8027,2,2
21,48.9961763592871,38.2903221383873,0.6348,0.9334,0.9254,0.9125,ay4_u001_image_sequences,5.4609,2,2
22,-4.47817950135192,60.6986210774778,0.3506,0.9378,0.9299,0.9325,ay4_u001_image_sequences,6.1259,2,2
23,65.8830690397530,80.8624392226232,0.3054,0.923,0.9088,0.8941,ay4_u001_image_sequences,5.233,2,2
24,59.2331895159379,20.1896822563886,0.6255,0.9546,0.9514,0.9669,ay4_u001_image_sequences,4.5435,2,2
25,70.5734442517105,-1.43057901711740,0.769,0.9454,0.9048,0.9282,ay4_u001_image_sequences,5.4983,2,2
26,-2.94147297820626,98.7236035514401,0.2449,0.9585,0.9235,0.8513,ay4_u001_image_sequences,7.1689,2,2
27,68.1398292615641,47.1052470615065,0.5452,0.9328,0.8811,0.8773,ay4_u001_image_sequences,4.837,2,2
28,53.0631049512203,21.6357818163845,0.5828,0.9444,0.9341,0.8833,ay4_u001_image_sequences,2.794,2,2
29,50.8535018002439,7.21683371191258,0.8996,0.9402,0.928,0.9765,ay4_u001_image_sequences,5.8562,2,2
30,-3.51924183450265,82.3746016356985,0.226,0.9566,0.9205,0.9292,ay4_u001_image_sequences,4.6352,2,2
31,62.0228709804397,23.5256073737016,0.6901,0.7612,0.7796,0.8463,ay4_u001_image_sequences,4.3592,2,2
32,-5.55862505585701,92.7373256104789,0.181,0.9328,0.9116,0.9681,ay4_u001_image_sequences,5.8248,2,2
33,154.042890759083,111.668684688314,0.1441,0.9141,0.9188,0.9065,ay4_u001_image_sequences,14.1104,2,2
34,52.8841102026388,59.5692683796600,0.3704,0.9555,0.9407,0.9487,ay4_u001_image_sequences,4.363,2,2
35,32.4092018926323,62.1562214350565,0.3916,0.9443,0.9228,0.9266,ay4_u001_image_sequences,5.2005,2,2
36,-3.81434135885943,61.3598624451425,0.3637,0.949,0.9458,0.9291,ay4_u001_image_sequences,7.0535,2,2
37,75.8408898546162,18.0630120081148,0.6288,0.9095,0.8771,0.874,ay4_u001_image_sequences,5.5873,2,2
38,74.1269856055344,60.4569804848666,0.4201,0.9281,0.8901,0.8343,ay4_u001_image_sequences,2.6625,2,2
39,116.299397144734,55.5526107380287,0.4137,0.9404,0.9084,0.9054,ay4_u001_image_sequences,5.8936,2,2
40,56.0275434513486,21.4715570789005,0.6898,0.9474,0.9194,0.9067,ay4_u001_image_sequences,3.8027,2,2
41,23.5988700772236,6.23591995620737,1.0932,0.9324,0.8852,0.7194,ay4_u006_image_sequences,5.4609,2,2
42,32.1413366387504,39.9861161565863,0.7305,0.9384,0.8764,0.6167,ay4_u006_image_sequences,6.1259,2,2
43,51.9740293495390,30.4981656627308,0.6504,0.9236,0.8016,0.5968,ay4_u006_image_sequences,5.233,2,2
44,23.3689300425812,39.3133602367563,0.8527,0.9454,0.9069,0.6726,ay4_u006_image_sequences,4.5435,2,2
45,33.4344409356653,28.0155982898101,0.5317,0.9321,0.8653,0.6651,ay4_u006_image_sequences,5.4983,2,2
46,36.5864241253548,9.60930132007416,1.2651,0.9356,0.8901,0.7431,ay4_u006_image_sequences,7.1689,2,2
47,15.5682044636622,23.9060061357215,0.6526,0.892,0.8239,0.6812,ay4_u006_image_sequences,4.837,2,2
48,33.2144229421832,7.23948689201654,1.4339,0.9459,0.8504,0.6382,ay4_u006_image_sequences,2.794,2,2
49,25.3562717244149,20.2114557287510,0.6455,0.9158,0.8435,0.6858,ay4_u006_image_sequences,5.8562,2,2
50,25.8241720628490,10.5739051457046,1.1419,0.9403,0.8864,0.6967,ay4_u006_image_sequences,4.6352,2,2
51,14.3066006792388,8.33002445868894,1.2736,0.9256,0.8541,0.7026,ay4_u006_image_sequences,4.3592,2,2
52,8.72872916622658,13.3619585186488,0.6853,0.9086,0.8626,0.5681,ay4_u006_image_sequences,5.8248,2,2
53,40.5301256115433,14.2106434049829,0.6213,0.9116,0.7929,0.6253,ay4_u006_image_sequences,14.1104,2,2
54,22.9859238075913,13.8933480307374,0.8407,0.9414,0.9121,0.713,ay4_u006_image_sequences,4.363,2,2
55,63.9974681935005,25.5094109761498,0.8125,0.9465,0.8912,0.7733,ay4_u006_image_sequences,5.2005,2,2
56,35.1318888023568,10.1373409944327,0.7002,0.9327,0.8987,0.7198,ay4_u006_image_sequences,7.0535,2,2
57,-3.36410337736626,22.3654360047026,0.8411,0.9406,0.8855,0.722,ay4_u006_image_sequences,5.5873,2,2
58,19.8545647507777,17.0626765508558,1.1945,0.8571,0.8003,0.4495,ay4_u006_image_sequences,2.6625,2,2
59,1.21501277575272,36.3668551061866,0.4589,0.9308,0.8851,0.6887,ay4_u006_image_sequences,5.8936,2,2
60,37.2371251309195,14.7808909935615,1.1984,0.9385,0.811,0.4801,ay4_u006_image_sequences,3.8027,2,2
61,32.7455339949745,12.3363732061381,1.0344,0.9713,0.9187,0.7621,ay4_u005_image_sequences,5.4609,2,2
62,80.8064585734140,31.0820561437690,0.5999,0.9529,0.9162,0.8143,ay4_u005_image_sequences,6.1259,2,2
63,52.5856337305569,22.5169636174951,0.7699,0.9681,0.9171,0.8686,ay4_u005_image_sequences,5.233,2,2
64,27.9314160387961,36.4129090423997,0.5881,0.9391,0.8484,0.7489,ay4_u005_image_sequences,4.5435,2,2
65,9.34121808097620,12.3134234972408,0.7135,0.9623,0.9228,0.828,ay4_u005_image_sequences,5.4983,2,2
66,49.2882589859013,24.9781652028104,0.8277,0.959,0.9164,0.8228,ay4_u005_image_sequences,7.1689,2,2
67,-3.27961723383420,12.7565763466258,0.8028,0.9627,0.8641,0.561,ay4_u005_image_sequences,4.837,2,2
68,65.6472981594262,13.3372765690754,1.2678,0.9776,0.937,0.8261,ay4_u005_image_sequences,2.794,2,2
69,28.2070032417903,16.1520859913898,0.7696,0.9675,0.9208,0.8438,ay4_u005_image_sequences,5.8562,2,2
70,49.0161558981810,16.0864921364963,0.8025,0.9388,0.7497,0.3909,ay4_u005_image_sequences,4.6352,2,2
71,56.3499217399269,8.50757364894239,1.4486,0.9748,0.9387,0.8118,ay4_u005_image_sequences,4.3592,2,2
72,56.7141430712552,12.4087111061454,0.6885,0.9628,0.9006,0.6858,ay4_u005_image_sequences,5.8248,2,2
73,-13.5992884282792,71.8856788481941,0.337,0.9618,0.9135,0.854,ay4_u005_image_sequences,14.1104,2,2
74,7.09779612076174,-0.709161897798704,0.9965,0.9613,0.9243,0.7885,ay4_u005_image_sequences,4.363,2,2
75,26.7784153176174,27.4166000674287,0.8285,0.955,0.9172,0.8092,ay4_u005_image_sequences,5.2005,2,2
76,33.1006771751483,22.6943539728491,0.6807,0.9704,0.9333,0.8113,ay4_u005_image_sequences,7.0535,2,2
77,38.1646378734375,23.1319974508783,1.0247,0.9697,0.9353,0.7721,ay4_u005_image_sequences,5.5873,2,2
78,66.4691220897473,23.8006325833086,1.1894,0.9655,0.9112,0.692,ay4_u005_image_sequences,2.6625,2,2
79,37.5039836190082,9.55518594109707,1.1242,0.9731,0.945,0.8481,ay4_u005_image_sequences,5.8936,2,2
80,26.4278491247096,21.8100911762098,0.652,0.9566,0.9111,0.7681,ay4_u005_image_sequences,3.8027,2,2
81,76.8744888163662,32.9504162532024,0.9082,0.7834,0.7934,0.864,ay3_u001_image_sequences,5.4609,2,2
82,18.0738092199473,55.3521920762348,0.4497,0.9328,0.9135,0.874,ay3_u001_image_sequences,6.1259,2,2
83,-4.02476048685376,14.9759453117492,0.6376,0.9291,0.9264,0.9264,ay3_u001_image_sequences,5.233,2,2
84,49.0624120202991,43.4527549743209,0.5528,0.9386,0.9383,0.9011,ay3_u001_image_sequences,4.5435,2,2
85,49.2898446002037,1.64174588202525,1.0685,0.9394,0.9448,0.9356,ay3_u001_image_sequences,5.4983,2,2
86,48.8086518865791,30.8857757564576,0.705,0.9275,0.9345,0.9283,ay3_u001_image_sequences,7.1689,2,2
87,35.9642079468574,6.01530725565170,1.7206,0.952,0.9395,0.9236,ay3_u001_image_sequences,4.837,2,2
88,40.4995869836476,21.4315059698149,1.347,0.9358,0.8993,0.7854,ay3_u001_image_sequences,2.794,2,2
89,54.2212384941099,10.0527462944299,0.9592,0.8048,0.8313,0.8473,ay3_u001_image_sequences,5.8562,2,2
90,66.8665378175485,10.0421581878746,1.0122,0.9609,0.9447,0.8864,ay3_u001_image_sequences,4.6352,2,2
91,53.3178915999251,30.8612673368766,0.6502,0.9411,0.9061,0.8399,ay3_u001_image_sequences,4.3592,2,2
92,174.125148113371,21.2090426186147,0.6858,0.9302,0.9077,0.8677,ay3_u001_image_sequences,5.8248,2,2
93,19.0666092515216,0.136031140056710,1.2693,0.9674,0.9389,0.8122,ay3_u001_image_sequences,14.1104,2,2
94,46.3344187679898,28.5093943758914,0.6422,0.9446,0.9541,0.9076,ay3_u001_image_sequences,4.363,2,2
95,20.2844696421050,45.6329817420383,0.6554,0.9388,0.9407,0.9274,ay3_u001_image_sequences,5.2005,2,2
96,-5.41838220107199,13.6905966236582,0.7142,0.9458,0.9324,0.9494,ay3_u001_image_sequences,7.0535,2,2
97,77.9633852259908,18.5593939007910,1.2879,0.8416,0.8473,0.9448,ay3_u001_image_sequences,5.5873,2,2
98,54.3335797790794,21.9180885247145,1.0063,0.8623,0.8576,0.8359,ay3_u001_image_sequences,2.6625,2,2
99,34.2263554558715,2.64098948106114,1.2533,0.9614,0.9561,0.9283,ay3_u001_image_sequences,5.8936,2,2
100,45.9450442151691,20.9315595469548,1.0273,0.9467,0.9248,0.919,ay3_u001_image_sequences,3.8027,2,2
101,45.2204377766050,1.00814744957886,1.5844,0.8467,0.7935,0.6,ay3_u002_image_sequences,5.4609,2,2
102,-5.72291338426352,-2.85483640072419,0.4411,0.86,0.8579,0.7399,ay3_u002_image_sequences,6.1259,2,2
103,111.324515583531,1.99289683590537,0.8376,0.9171,0.881,0.73,ay3_u002_image_sequences,5.233,2,2
104,33.7958658320922,0.390887150020953,1.5494,0.9009,0.8858,0.6671,ay3_u002_image_sequences,4.5435,2,2
105,63.5996065047816,13.3199464051386,1.0735,0.909,0.911,0.7543,ay3_u002_image_sequences,5.4983,2,2
106,46.2828404482728,-6.00337602841321,1.2694,0.9217,0.9179,0.8209,ay3_u002_image_sequences,7.1689,2,2
107,33.1443627099322,11.8952888777223,1.033,0.9469,0.94,0.8771,ay3_u002_image_sequences,4.837,2,2
108,13.1539639657508,5.96583381040525,1.4583,0.9233,0.8174,0.3967,ay3_u002_image_sequences,2.794,2,2
109,19.6754512030508,6.26861267471725,0.8106,0.9401,0.9143,0.7796,ay3_u002_image_sequences,5.8562,2,2
110,56.6384161501065,11.6478942108379,1.0996,0.9368,0.9108,0.7256,ay3_u002_image_sequences,4.6352,2,2
111,39.0887533187068,2.72985250412387,1.6119,0.9008,0.8389,0.5082,ay3_u002_image_sequences,4.3592,2,2
112,64.7023048706797,20.9330203573873,0.8062,0.917,0.8641,0.7095,ay3_u002_image_sequences,5.8248,2,2
113,59.9668378605933,48.2817857379801,0.4268,0.9154,0.8655,0.7371,ay3_u002_image_sequences,14.1104,2,2
114,32.7059145897846,3.52434216775051,0.9246,0.8849,0.8817,0.6796,ay3_u002_image_sequences,4.363,2,2
115,55.0417501581545,21.8465054656148,0.975,0.9278,0.9008,0.7494,ay3_u002_image_sequences,5.2005,2,2
116,55.4065206718270,1.66404219766600,1.1521,0.8187,0.8242,0.7423,ay3_u002_image_sequences,7.0535,2,2
117,63.4696060199453,13.8419801543959,0.8392,0.9121,0.9034,0.8148,ay3_u002_image_sequences,5.5873,2,2
118,55.9279685519335,3.86026334232944,1.3316,0.7758,0.7668,0.5482,ay3_u002_image_sequences,2.6625,2,2
119,38.6711881292734,0.957041231843611,1.3788,0.9537,0.9086,0.6933,ay3_u002_image_sequences,5.8936,2,2
120,68.8608296948353,14.2007413298769,1.3221,0.9343,0.8771,0.6595,ay3_u002_image_sequences,3.8027,2,2
121,136.626042032165,13.1552068202990,0.5783,0.9246,0.8136,0.7722,ay2_u007_image_sequences,5.4609,2,2
122,173.717556058257,141.514033981487,0.1469,0.9456,0.8715,0.8039,ay2_u007_image_sequences,6.1259,2,2
123,166.837055113621,46.9781259327521,0.3365,0.93,0.8268,0.8469,ay2_u007_image_sequences,5.233,2,2
124,175.107655708949,134.190022929343,0.1223,0.8954,0.6838,0.7906,ay2_u007_image_sequences,4.5435,2,2
125,123.568462870157,59.5834487552292,0.341,0.9573,0.8983,0.8531,ay2_u007_image_sequences,5.4983,2,2
126,98.1953722027706,61.1802750987701,0.2891,0.9246,0.8747,0.7966,ay2_u007_image_sequences,7.1689,2,2
127,130.648982486183,57.0762276750302,0.3378,0.943,0.8814,0.833,ay2_u007_image_sequences,4.837,2,2
128,114.847972985280,116.287101127854,0.2184,0.8956,0.7741,0.8361,ay2_u007_image_sequences,2.794,2,2
129,118.794385524106,81.4965772518494,0.2932,0.9465,0.8422,0.8168,ay2_u007_image_sequences,5.8562,2,2
130,175.263854421999,61.7196068620373,0.2173,0.9162,0.8378,0.8229,ay2_u007_image_sequences,4.6352,2,2
131,49.0229029534714,58.9948012071338,0.3831,0.916,0.8247,0.7626,ay2_u007_image_sequences,4.3592,2,2
132,33.0254064441335,106.586929503289,0.0846,0.9584,0.8803,0.8654,ay2_u007_image_sequences,5.8248,2,2
133,126.136564625079,19.5243113267305,0.4763,0.9529,0.906,0.8884,ay2_u007_image_sequences,14.1104,2,2
134,175.425524636108,131.256093074393,0.1302,0.9179,0.8302,0.8592,ay2_u007_image_sequences,4.363,2,2
135,155.508794197526,109.380456968823,0.1294,0.9361,0.7583,0.7736,ay2_u007_image_sequences,5.2005,2,2
136,168.367440898303,75.3788661318279,0.2483,0.9432,0.8476,0.7941,ay2_u007_image_sequences,7.0535,2,2
137,43.2121734473539,43.0671648032792,0.3932,0.9455,0.8566,0.8724,ay2_u007_image_sequences,5.5873,2,2
138,177.125234736306,50.6229958527365,0.2933,0.9295,0.8724,0.8487,ay2_u007_image_sequences,2.6625,2,2
139,36.3898998927466,101.694999773373,0.1861,0.9405,0.7766,0.627,ay2_u007_image_sequences,5.8936,2,2
140,8.17004228498970,131.574756236564,0.1522,0.9137,0.8052,0.7695,ay2_u007_image_sequences,3.8027,2,2
141,174.399132911957,108.462487565979,0.2968,0.8088,0.8231,0.8626,ay5_u002_image_sequences,5.4609,2,2
142,72.6354071490819,51.4914723071832,0.5622,0.7338,0.7532,0.6633,ay5_u002_image_sequences,6.1259,2,2
143,174.689572935298,128.017446295257,0.3793,0.747,0.7525,0.8625,ay5_u002_image_sequences,5.233,2,2
144,174.838808710485,89.2157451641420,0.3192,0.8382,0.8444,0.8246,ay5_u002_image_sequences,4.5435,2,2
145,174.445277421527,68.2892829457346,0.4677,0.8166,0.8581,0.8515,ay5_u002_image_sequences,5.4983,2,2
146,131.456164797507,128.015240470474,0.1752,0.7064,0.6749,0.8571,ay5_u002_image_sequences,7.1689,2,2
147,174.411177870791,168.004172110709,0.0753,0.7084,0.6442,0.8625,ay5_u002_image_sequences,4.837,2,2
148,149.105286009767,50.1238568913121,0.4919,0.6209,0.5578,0.8615,ay5_u002_image_sequences,2.794,2,2
149,172.346804094326,159.979974363005,0.0814,0.8322,0.8614,0.8816,ay5_u002_image_sequences,5.8562,2,2
150,80.8847897558015,53.6441221449940,0.4476,0.8444,0.8354,0.8659,ay5_u002_image_sequences,4.6352,2,2
151,105.966709636261,24.3929363049305,0.7194,0.7731,0.7823,0.8104,ay5_u002_image_sequences,4.3592,2,2
152,174.068372747083,118.717992696007,0.384,0.7934,0.7482,0.7434,ay5_u002_image_sequences,5.8248,2,2
153,165.709059934292,118.673924351824,0.1896,0.8685,0.815,0.8747,ay5_u002_image_sequences,14.1104,2,2
154,17.8870771742954,107.554302970321,0.3596,0.6918,0.7289,0.6574,ay5_u002_image_sequences,4.363,2,2
155,46.0596134738648,86.3623425024438,0.2969,0.8616,0.8949,0.8837,ay5_u002_image_sequences,5.2005,2,2
156,172.699398839072,166.975939558777,0.1171,0.8675,0.8743,0.8625,ay5_u002_image_sequences,7.0535,2,2
157,174.231762390109,153.918908379974,0.1614,0.6704,0.621,0.8626,ay5_u002_image_sequences,5.5873,2,2
158,128.821086968897,33.5064212881299,0.5303,0.881,0.8302,0.8164,ay5_u002_image_sequences,2.6625,2,2
159,173.779235864962,154.607748424829,0.1487,0.7824,0.8421,0.8378,ay5_u002_image_sequences,5.8936,2,2
160,176.058315967564,147.739427671903,0.2392,0.8352,0.8233,0.8523,ay5_u002_image_sequences,3.8027,2,2
161,103.984540462044,3.62514782224280,2.0127,0.9223,0.896,0.8677,ay5_u005_image_sequences,5.4609,2,2
162,141.742211136734,4.44525014076916,1.8787,0.9342,0.9038,0.8316,ay5_u005_image_sequences,6.1259,2,2
163,142.063758136548,55.5836541475582,0.8845,0.9102,0.8765,0.8199,ay5_u005_image_sequences,5.233,2,2
164,106.896883015075,15.5739090587583,1.2216,0.9577,0.9115,0.8068,ay5_u005_image_sequences,4.5435,2,2
165,117.470993752758,9.02903920103173,1.4933,0.9547,0.9244,0.8169,ay5_u005_image_sequences,5.4983,2,2
166,82.9512023249421,38.6393218202370,0.7618,0.9206,0.8787,0.8412,ay5_u005_image_sequences,7.1689,2,2
167,139.649495204874,22.7928003882244,1.1181,0.9585,0.9308,0.8649,ay5_u005_image_sequences,4.837,2,2
168,143.382790415490,7.18674598110403,1.2688,0.9067,0.8854,0.8063,ay5_u005_image_sequences,2.794,2,2
169,132.026696789374,16.8524414702390,0.979,0.9302,0.8906,0.8148,ay5_u005_image_sequences,5.8562,2,2
170,116.429147411607,12.6222640382891,1.8985,0.9225,0.8788,0.7229,ay5_u005_image_sequences,4.6352,2,2
171,118.644455760273,-0.271886785789934,1.7921,0.9589,0.9299,0.8576,ay5_u005_image_sequences,4.3592,2,2
172,84.6472515828645,-2.80653652549361,1.563,0.9183,0.8771,0.7732,ay5_u005_image_sequences,5.8248,2,2
173,92.5956515930518,-1.27618828928090,1.0654,0.9515,0.9266,0.8515,ay5_u005_image_sequences,14.1104,2,2
174,140.944453974214,4.05835106027076,1.5354,0.9213,0.8837,0.8213,ay5_u005_image_sequences,4.363,2,2
175,108.945166372928,-1.02068422665307,1.6085,0.9408,0.914,0.844,ay5_u005_image_sequences,5.2005,2,2
176,92.1486769945841,21.4103722102983,1.296,0.9365,0.9158,0.8257,ay5_u005_image_sequences,7.0535,2,2
177,95.1353969367152,7.56012707669245,1.305,0.9391,0.9219,0.8305,ay5_u005_image_sequences,5.5873,2,2
178,85.2517613902193,3.24022395828671,1.145,0.9363,0.9078,0.8643,ay5_u005_image_sequences,2.6625,2,2
179,132.372061190757,8.66475578945221,2.5623,0.95,0.8997,0.7405,ay5_u005_image_sequences,5.8936,2,2
180,89.0647618209980,1.64414905965063,2.2364,0.9498,0.9053,0.8287,ay5_u005_image_sequences,3.8027,2,2